id,name,active,company_id/id,plan_id/id
analytic_account_1001,AMMG,True,marin_data.company_lmmr,marin_data.analytic_plan_201
analytic_account_1002,Abamex 1.8EC 0.950L,True,marin_data.company_lmmr,marin_data.analytic_plan_201
analytic_account_1003,Aaron Espinosa Herrera,True,marin_data.company_lmmr,marin_data.analytic_plan_201
analytic_account_1004,Acadian 29% ph8 1L,True,marin_data.company_lmmr,marin_data.analytic_plan_201
analytic_account_1005,Acadian 29% ph8 1x10L,True,marin_data.company_lmmr,marin_data.analytic_plan_201
analytic_account_1006,Acaritouch 1L,True,marin_data.company_lmmr,marin_data.analytic_plan_201
analytic_account_1007,Aceite mineral 0.250L,True,marin_data.company_lmmr,marin_data.analytic_plan_201
analytic_account_1008,Acrobat CT 1L,True,marin_data.company_lmmr,marin_data.analytic_plan_201
analytic_account_1009,Actara 25WG 0.150kg,True,marin_data.company_lmmr,marin_data.analytic_plan_201
analytic_account_1010,Actara 25WG 0.600kg,True,marin_data.company_lmmr,marin_data.analytic_plan_201
analytic_account_1011,Acternia 0.350L,True,marin_data.company_lmmr,marin_data.analytic_plan_201
analytic_account_1012,Actigard 50SG 0.015kg,True,marin_data.company_lmmr,marin_data.analytic_plan_201
analytic_account_1013,Actigard SG50 0.212kg,True,marin_data.company_lmmr,marin_data.analytic_plan_201
analytic_account_1014,Adan Montero Pineda,True,marin_data.company_lmmr,marin_data.analytic_plan_201
analytic_account_1015,Adelina Margarita Marin Rebollo,True,marin_data.company_lmmr,marin_data.analytic_plan_201
analytic_account_1016,Adengo 0.250L,True,marin_data.company_lmmr,marin_data.analytic_plan_201
analytic_account_1017,Adengo 0.300L,True,marin_data.company_lmmr,marin_data.analytic_plan_201
analytic_account_1018,Afalon 1Kg,True,marin_data.company_lmmr,marin_data.analytic_plan_201
analytic_account_1019,Agitador alta velocidad,True,marin_data.company_lmmr,marin_data.analytic_plan_201
analytic_account_1020,Agitador mod: vortex VXMDNG,True,marin_data.company_lmmr,marin_data.analytic_plan_201
analytic_account_1021,Agrimec 1.8CE 0.250L,True,marin_data.company_lmmr,marin_data.analytic_plan_201
analytic_account_1022,Agrimec 1.8CE 1L,True,marin_data.company_lmmr,marin_data.analytic_plan_201
analytic_account_1023,Agromil Plus 1L,True,marin_data.company_lmmr,marin_data.analytic_plan_201
analytic_account_1024,Agry-gent Plus 5000 0.160kg,True,marin_data.company_lmmr,marin_data.analytic_plan_201
analytic_account_1025,Agry-gent Plus 5000 1x3.2kg,True,marin_data.company_lmmr,marin_data.analytic_plan_201
analytic_account_1026,Agry-gent Plus 800 0.800kg,True,marin_data.company_lmmr,marin_data.analytic_plan_201
analytic_account_1027,Akito 1L,True,marin_data.company_lmmr,marin_data.analytic_plan_201
analytic_account_1028,Alexander Benito Acevedo,True,marin_data.company_lmmr,marin_data.analytic_plan_201
analytic_account_1029,Alfaspray XM 1L,True,marin_data.company_lmmr,marin_data.analytic_plan_201
analytic_account_1030,Alfaspray XM 1x10L,True,marin_data.company_lmmr,marin_data.analytic_plan_201
analytic_account_1031,Alfredo Mulia Albarran,True,marin_data.company_lmmr,marin_data.analytic_plan_201
analytic_account_1032,Aliette 1x2kg,True,marin_data.company_lmmr,marin_data.analytic_plan_201
analytic_account_1033,Allectus 300SC 1L,True,marin_data.company_lmmr,marin_data.analytic_plan_201
analytic_account_1034,Allectus G 1x25kg,True,marin_data.company_lmmr,marin_data.analytic_plan_201
analytic_account_1035,Allium 0.950L,True,marin_data.company_lmmr,marin_data.analytic_plan_201
analytic_account_1036,Alto 100 0.100L,True,marin_data.company_lmmr,marin_data.analytic_plan_201
analytic_account_1037,Alto 100 1L,True,marin_data.company_lmmr,marin_data.analytic_plan_201
analytic_account_1038,Amber 75SG 0.100kg,True,marin_data.company_lmmr,marin_data.analytic_plan_201
analytic_account_1039,Amistar Gold 1L,True,marin_data.company_lmmr,marin_data.analytic_plan_201
analytic_account_1040,Amistar WG500 0.100kg,True,marin_data.company_lmmr,marin_data.analytic_plan_201
analytic_account_1041,Amistar WG500 0.500kg,True,marin_data.company_lmmr,marin_data.analytic_plan_201
analytic_account_1042,Ampligo 0.150L,True,marin_data.company_lmmr,marin_data.analytic_plan_201
analytic_account_1043,Ampligo 1L,True,marin_data.company_lmmr,marin_data.analytic_plan_201
analytic_account_1044,Angel Servando Andrade Espinoza,True,marin_data.company_lmmr,marin_data.analytic_plan_201
analytic_account_1045,Antonio Lona Salum,True,marin_data.company_lmmr,marin_data.analytic_plan_201
analytic_account_1046,Antracol WP70 1kg,True,marin_data.company_lmmr,marin_data.analytic_plan_201
analytic_account_1047,Applaud 0.500L,True,marin_data.company_lmmr,marin_data.analytic_plan_201
analytic_account_1048,Apron XL 1L,True,marin_data.company_lmmr,marin_data.analytic_plan_201
analytic_account_1049,Apron XL 1gal,True,marin_data.company_lmmr,marin_data.analytic_plan_201
analytic_account_1050,Aquaracer Chrono,True,marin_data.company_lmmr,marin_data.analytic_plan_201
analytic_account_1051,Argos 1L,True,marin_data.company_lmmr,marin_data.analytic_plan_201
analytic_account_1052,Aria 0.600kg,True,marin_data.company_lmmr,marin_data.analytic_plan_201
analytic_account_1053,Arquia 1L,True,marin_data.company_lmmr,marin_data.analytic_plan_201
analytic_account_1054,Arrow 120 0.500L,True,marin_data.company_lmmr,marin_data.analytic_plan_201
analytic_account_1055,Arrow 240 1L,True,marin_data.company_lmmr,marin_data.analytic_plan_201
analytic_account_1056,Asanit XM 500 WDG 1kg,True,marin_data.company_lmmr,marin_data.analytic_plan_201
analytic_account_1057,Asanit XM 500 WDG 1kg,True,marin_data.company_lmmr,marin_data.analytic_plan_201
analytic_account_1058,Aspid Max 0.250L,True,marin_data.company_lmmr,marin_data.analytic_plan_201
analytic_account_1059,Aspid Max 0.950L,True,marin_data.company_lmmr,marin_data.analytic_plan_201
analytic_account_1060,Atento 0.250kg,True,marin_data.company_lmmr,marin_data.analytic_plan_201
analytic_account_1061,Atomizador STIHL,True,marin_data.company_lmmr,marin_data.analytic_plan_201
analytic_account_1062,Audi/A4/JPJ4418,True,marin_data.company_lmmr,marin_data.analytic_plan_201
analytic_account_1063,Audi/Q5 2024/Blanca/MYD554A,True,marin_data.company_lmmr,marin_data.analytic_plan_201
analytic_account_1064,Axe B 1L,True,marin_data.company_lmmr,marin_data.analytic_plan_201
analytic_account_1065,Axefol K-45 1L,True,marin_data.company_lmmr,marin_data.analytic_plan_201
analytic_account_1066,Axefol plus 16-10-15 1L,True,marin_data.company_lmmr,marin_data.analytic_plan_201
analytic_account_1067,Axequel Trans Ca Bo 1L,True,marin_data.company_lmmr,marin_data.analytic_plan_201
analytic_account_1068,Axesal 1x20L,True,marin_data.company_lmmr,marin_data.analytic_plan_201
analytic_account_1069,Axestim 1L,True,marin_data.company_lmmr,marin_data.analytic_plan_201
analytic_account_1070,Balanza de precision mod: PX523,True,marin_data.company_lmmr,marin_data.analytic_plan_201
analytic_account_1071,Balanza mod: Scout SPX220,True,marin_data.company_lmmr,marin_data.analytic_plan_201
analytic_account_1072,Banjo 500 1L,True,marin_data.company_lmmr,marin_data.analytic_plan_201
analytic_account_1073,Bankit 1L,True,marin_data.company_lmmr,marin_data.analytic_plan_201
analytic_account_1074,Banvel 12-24 1L,True,marin_data.company_lmmr,marin_data.analytic_plan_201
analytic_account_1075,Bayfolan Forte 1L,True,marin_data.company_lmmr,marin_data.analytic_plan_201
analytic_account_1076,Bayfolan Forte 1x4L,True,marin_data.company_lmmr,marin_data.analytic_plan_201
analytic_account_1077,Bayfolan Solido 1kg,True,marin_data.company_lmmr,marin_data.analytic_plan_201
analytic_account_1078,Benzimid XM 800 WG 0.600kg,True,marin_data.company_lmmr,marin_data.analytic_plan_201
analytic_account_1079,Betagli Max 0.500kg,True,marin_data.company_lmmr,marin_data.analytic_plan_201
analytic_account_1080,Bifen Max 10% CE 1L,True,marin_data.company_lmmr,marin_data.analytic_plan_201
analytic_account_1081,Biozyme TF 1L,True,marin_data.company_lmmr,marin_data.analytic_plan_201
analytic_account_1082,Biozyme TS 1L,True,marin_data.company_lmmr,marin_data.analytic_plan_201
analytic_account_1083,Bisulfuro de carbono 1gal,True,marin_data.company_lmmr,marin_data.analytic_plan_201
analytic_account_1084,Blighter 1kg,True,marin_data.company_lmmr,marin_data.analytic_plan_201
analytic_account_1085,BlueShield 10LF 1L,True,marin_data.company_lmmr,marin_data.analytic_plan_201
analytic_account_1086,Bmw/X5 2023/Gris/PEV4195,True,marin_data.company_lmmr,marin_data.analytic_plan_201
analytic_account_1087,Bmw/X5 drive/Azul marino/NXN7234,True,marin_data.company_lmmr,marin_data.analytic_plan_201
analytic_account_1088,Brandon XT95 1x20kg,True,marin_data.company_lmmr,marin_data.analytic_plan_201
analytic_account_1089,Bravo 720 1L,True,marin_data.company_lmmr,marin_data.analytic_plan_201
analytic_account_1090,Bravo 720 1x10L,True,marin_data.company_lmmr,marin_data.analytic_plan_201
analytic_account_1091,Break-Thru 0.250L,True,marin_data.company_lmmr,marin_data.analytic_plan_201
analytic_account_1092,Break-Thru 1L,True,marin_data.company_lmmr,marin_data.analytic_plan_201
analytic_account_1093,Breisse XM 0.130kg,True,marin_data.company_lmmr,marin_data.analytic_plan_201
analytic_account_1094,Bribon 1kg,True,marin_data.company_lmmr,marin_data.analytic_plan_201
analytic_account_1095,Bryan Hilario Martinez Castillo,True,marin_data.company_lmmr,marin_data.analytic_plan_201
analytic_account_1096,Bumper 1L,True,marin_data.company_lmmr,marin_data.analytic_plan_201
analytic_account_1097,CFMG,True,marin_data.company_lmmr,marin_data.analytic_plan_201
analytic_account_1098,Cabrio C 0.800kg,True,marin_data.company_lmmr,marin_data.analytic_plan_201
analytic_account_1099,Callisto Xtra 1L,True,marin_data.company_lmmr,marin_data.analytic_plan_201
analytic_account_1100,Calypso SC450 1L,True,marin_data.company_lmmr,marin_data.analytic_plan_201
analytic_account_1101,Cantus 1Kg,True,marin_data.company_lmmr,marin_data.analytic_plan_201
analytic_account_1102,Caporal 50 PH 1kg,True,marin_data.company_lmmr,marin_data.analytic_plan_201
analytic_account_1103,Captan Ultra 1kg,True,marin_data.company_lmmr,marin_data.analytic_plan_201
analytic_account_1104,Captive XM 80 0.750kg,True,marin_data.company_lmmr,marin_data.analytic_plan_201
analytic_account_1105,"Cargador frontal mod 200 cx, para tractor.",True,marin_data.company_lmmr,marin_data.analytic_plan_201
analytic_account_1106,Carial Flex 0.500kg,True,marin_data.company_lmmr,marin_data.analytic_plan_201
analytic_account_1107,Carial Flex 1kg,True,marin_data.company_lmmr,marin_data.analytic_plan_201
analytic_account_1108,Carlos Alfredo Garcia Rubio,True,marin_data.company_lmmr,marin_data.analytic_plan_201
analytic_account_1109,Carlos Alfredo Hernandez Resendiz,True,marin_data.company_lmmr,marin_data.analytic_plan_201
analytic_account_1110,Carlos Daniel Barraza Mundo,True,marin_data.company_lmmr,marin_data.analytic_plan_201
analytic_account_1111,Castor 1L,True,marin_data.company_lmmr,marin_data.analytic_plan_201
analytic_account_1112,Cazador Agro 0.950L,True,marin_data.company_lmmr,marin_data.analytic_plan_201
analytic_account_1113,Cazador Agro 1x5L,True,marin_data.company_lmmr,marin_data.analytic_plan_201
analytic_account_1114,Celeste 1L,True,marin_data.company_lmmr,marin_data.analytic_plan_201
analytic_account_1115,Celeste 1x10L,True,marin_data.company_lmmr,marin_data.analytic_plan_201
analytic_account_1116,Centurion Ultra 1kg,True,marin_data.company_lmmr,marin_data.analytic_plan_201
analytic_account_1117,Cercobin-M 1kg,True,marin_data.company_lmmr,marin_data.analytic_plan_201
analytic_account_1118,Cerillo 0.900L,True,marin_data.company_lmmr,marin_data.analytic_plan_201
analytic_account_1119,Chevrolet/Colorado 2017/Blanca/NMR717A,True,marin_data.company_lmmr,marin_data.analytic_plan_201
analytic_account_1120,Chevrolet/Cheyenne cabina regular 4x4 gasolina TA 2024/Roja/PAG674A,True,marin_data.company_lmmr,marin_data.analytic_plan_201
analytic_account_1121,GMC/Canyon 2023//MNU573A,True,marin_data.company_lmmr,marin_data.analytic_plan_201
analytic_account_1122,Chevrolet/Suburban/PEU4260,True,marin_data.company_lmmr,marin_data.analytic_plan_201
analytic_account_1123,Chevy San Carlos,True,marin_data.company_lmmr,marin_data.analytic_plan_201
analytic_account_1124,Chimal 0.250kg,True,marin_data.company_lmmr,marin_data.analytic_plan_201
analytic_account_1125,Chimal 0.500 kg,True,marin_data.company_lmmr,marin_data.analytic_plan_201
analytic_account_1126,Chlorban 0.970L,True,marin_data.company_lmmr,marin_data.analytic_plan_201
analytic_account_1127,Chlorban 5%G 1x20kg,True,marin_data.company_lmmr,marin_data.analytic_plan_201
analytic_account_1128,Citan 1L,True,marin_data.company_lmmr,marin_data.analytic_plan_201
analytic_account_1129,Citlalli 2% 1x10kg,True,marin_data.company_lmmr,marin_data.analytic_plan_201
analytic_account_1130,Citlalli 2% 1x20kg,True,marin_data.company_lmmr,marin_data.analytic_plan_201
analytic_account_1131,Citlalli 350SC 1L,True,marin_data.company_lmmr,marin_data.analytic_plan_201
analytic_account_1132,Citlalli 70 WG 1kg,True,marin_data.company_lmmr,marin_data.analytic_plan_201
analytic_account_1133,Clavis SC480 1.05L,True,marin_data.company_lmmr,marin_data.analytic_plan_201
analytic_account_1134,Cleverdim 240 0.500L,True,marin_data.company_lmmr,marin_data.analytic_plan_201
analytic_account_1135,Clorver 50% 1kg,True,marin_data.company_lmmr,marin_data.analytic_plan_201
analytic_account_1136,Coloso Total 1L,True,marin_data.company_lmmr,marin_data.analytic_plan_201
analytic_account_1137,Complesal Calcio 1L,True,marin_data.company_lmmr,marin_data.analytic_plan_201
analytic_account_1138,Complesal Potasio 1L,True,marin_data.company_lmmr,marin_data.analytic_plan_201
analytic_account_1139,Confidor SC350 0.200L,True,marin_data.company_lmmr,marin_data.analytic_plan_201
analytic_account_1140,Confidor SC350 1L,True,marin_data.company_lmmr,marin_data.analytic_plan_201
analytic_account_1141,Consento 1L,True,marin_data.company_lmmr,marin_data.analytic_plan_201
analytic_account_1142,Consist Max SC500 0.200L,True,marin_data.company_lmmr,marin_data.analytic_plan_201
analytic_account_1143,Consist Max SC500 1L,True,marin_data.company_lmmr,marin_data.analytic_plan_201
analytic_account_1144,Coragen 1L,True,marin_data.company_lmmr,marin_data.analytic_plan_201
analytic_account_1145,Cortadora trituradora,True,marin_data.company_lmmr,marin_data.analytic_plan_201
analytic_account_1146,Corte 68 1kg,True,marin_data.company_lmmr,marin_data.analytic_plan_201
analytic_account_1147,Counter 15% 1x7.5kg,True,marin_data.company_lmmr,marin_data.analytic_plan_201
analytic_account_1148,Counter 5% 1x20kg,True,marin_data.company_lmmr,marin_data.analytic_plan_201
analytic_account_1149,Crecitec CoMo 1L,True,marin_data.company_lmmr,marin_data.analytic_plan_201
analytic_account_1150,Crecitec CoMo 1x5L,True,marin_data.company_lmmr,marin_data.analytic_plan_201
analytic_account_1151,Cruiser 5FS 1L,True,marin_data.company_lmmr,marin_data.analytic_plan_201
analytic_account_1152,Cruiser Maxx Potato 0.500L,True,marin_data.company_lmmr,marin_data.analytic_plan_201
analytic_account_1153,Cupravit 50WP 1kg,True,marin_data.company_lmmr,marin_data.analytic_plan_201
analytic_account_1154,Cupravit Hydro 1kg,True,marin_data.company_lmmr,marin_data.analytic_plan_201
analytic_account_1155,Curacron 1L,True,marin_data.company_lmmr,marin_data.analytic_plan_201
analytic_account_1156,Curbix 1L,True,marin_data.company_lmmr,marin_data.analytic_plan_201
analytic_account_1157,Curyom Fit 0.150kg,True,marin_data.company_lmmr,marin_data.analytic_plan_201
analytic_account_1158,Cybort 40 PH 0.010kg,True,marin_data.company_lmmr,marin_data.analytic_plan_201
analytic_account_1159,Cytrin 200 0.250L,True,marin_data.company_lmmr,marin_data.analytic_plan_201
analytic_account_1160,Cytrin 200 0.950L,True,marin_data.company_lmmr,marin_data.analytic_plan_201
analytic_account_1161,Danadim Progress 1L,True,marin_data.company_lmmr,marin_data.analytic_plan_201
analytic_account_1162,Danadim Progress 1x10L,True,marin_data.company_lmmr,marin_data.analytic_plan_201
analytic_account_1163,Dark 1L,True,marin_data.company_lmmr,marin_data.analytic_plan_201
analytic_account_1164,David Gonzalez Garcia,True,marin_data.company_lmmr,marin_data.analytic_plan_201
analytic_account_1165,Decis Forte 0.125L,True,marin_data.company_lmmr,marin_data.analytic_plan_201
analytic_account_1166,Decis Forte 0.450L,True,marin_data.company_lmmr,marin_data.analytic_plan_201
analytic_account_1167,Delfina Valdez Ramirez,True,marin_data.company_lmmr,marin_data.analytic_plan_201
analytic_account_1168,Demolition XM 250 CS 0.200L,True,marin_data.company_lmmr,marin_data.analytic_plan_201
analytic_account_1169,Demolition XM 250 CS 1L,True,marin_data.company_lmmr,marin_data.analytic_plan_201
analytic_account_1170,Demon 240 0.950L,True,marin_data.company_lmmr,marin_data.analytic_plan_201
analytic_account_1171,Denim 0.100L,True,marin_data.company_lmmr,marin_data.analytic_plan_201
analytic_account_1172,Denim 0.200L,True,marin_data.company_lmmr,marin_data.analytic_plan_201
analytic_account_1173,Deprebac XM 46.6+139.8 SL 1L,True,marin_data.company_lmmr,marin_data.analytic_plan_201
analytic_account_1174,Detonador 7.5% CE 0.250L,True,marin_data.company_lmmr,marin_data.analytic_plan_201
analytic_account_1175,Detonador 7.5% CE 0.950L,True,marin_data.company_lmmr,marin_data.analytic_plan_201
analytic_account_1176,Dextrone 0.900L,True,marin_data.company_lmmr,marin_data.analytic_plan_201
analytic_account_1177,Dextrone 1x5L,True,marin_data.company_lmmr,marin_data.analytic_plan_201
analytic_account_1178,Deyvis Martinez de Jesus,True,marin_data.company_lmmr,marin_data.analytic_plan_201
analytic_account_1179,Diana Stephani Evangelista Reyes,True,marin_data.company_lmmr,marin_data.analytic_plan_201
analytic_account_1180,Diego Serafin Garcia Varela,True,marin_data.company_lmmr,marin_data.analytic_plan_201
analytic_account_1181,Diprospero 1L,True,marin_data.company_lmmr,marin_data.analytic_plan_201
analytic_account_1182,Distriva XM 1L,True,marin_data.company_lmmr,marin_data.analytic_plan_201
analytic_account_1183,Dodge/RAM 400/LA85559,True,marin_data.company_lmmr,marin_data.analytic_plan_201
analytic_account_1184,Dodge/RAM 700 cabina regular 2015/Blanca/LD67349,True,marin_data.company_lmmr,marin_data.analytic_plan_201
analytic_account_1185,Doom 76% 0.970L,True,marin_data.company_lmmr,marin_data.analytic_plan_201
analytic_account_1186,Draisig XM 50+250 SC 1L,True,marin_data.company_lmmr,marin_data.analytic_plan_201
analytic_account_1187,Dual Gold 1L,True,marin_data.company_lmmr,marin_data.analytic_plan_201
analytic_account_1188,Dulko 480 1L,True,marin_data.company_lmmr,marin_data.analytic_plan_201
analytic_account_1189,EPA 90 1L,True,marin_data.company_lmmr,marin_data.analytic_plan_201
analytic_account_1190,Eco 720 1L,True,marin_data.company_lmmr,marin_data.analytic_plan_201
analytic_account_1191,Eduardo Hernandez Martinez,True,marin_data.company_lmmr,marin_data.analytic_plan_201
analytic_account_1192,Elevat 1Kg,True,marin_data.company_lmmr,marin_data.analytic_plan_201
analytic_account_1193,Elimiplan 40 0.100kg,True,marin_data.company_lmmr,marin_data.analytic_plan_201
analytic_account_1194,Elsy Valeria Corona Arias,True,marin_data.company_lmmr,marin_data.analytic_plan_201
analytic_account_1195,Elumis 1L,True,marin_data.company_lmmr,marin_data.analytic_plan_201
analytic_account_1196,Emesto 1L,True,marin_data.company_lmmr,marin_data.analytic_plan_201
analytic_account_1197,Emesto Fusion 1L,True,marin_data.company_lmmr,marin_data.analytic_plan_201
analytic_account_1198,Eminence 1L,True,marin_data.company_lmmr,marin_data.analytic_plan_201
analytic_account_1199,Emmanuel Alejandro Ornelas Sanchez,True,marin_data.company_lmmr,marin_data.analytic_plan_201
analytic_account_1200,Engeo 0.200L,True,marin_data.company_lmmr,marin_data.analytic_plan_201
analytic_account_1201,Engeo 1L,True,marin_data.company_lmmr,marin_data.analytic_plan_201
analytic_account_1202,Entrust 0.950L,True,marin_data.company_lmmr,marin_data.analytic_plan_201
analytic_account_1203,Estelis XM 1L,True,marin_data.company_lmmr,marin_data.analytic_plan_201
analytic_account_1204,Eterbel XM 41.11 SL 1L,True,marin_data.company_lmmr,marin_data.analytic_plan_201
analytic_account_1205,Ethrel 1L,True,marin_data.company_lmmr,marin_data.analytic_plan_201
analytic_account_1206,Evisect 0.500kg,True,marin_data.company_lmmr,marin_data.analytic_plan_201
analytic_account_1207,Exalt 1x4L,True,marin_data.company_lmmr,marin_data.analytic_plan_201
analytic_account_1208,Faena Clasica 1L,True,marin_data.company_lmmr,marin_data.analytic_plan_201
analytic_account_1209,Faena Fuerte 1L,True,marin_data.company_lmmr,marin_data.analytic_plan_201
analytic_account_1210,Faena Fuerte 1x10L,True,marin_data.company_lmmr,marin_data.analytic_plan_201
analytic_account_1211,Fam Marin,True,marin_data.company_lmmr,marin_data.analytic_plan_201
analytic_account_1212,Famster 1kg,True,marin_data.company_lmmr,marin_data.analytic_plan_201
analytic_account_1213,Felipe Ferreyra Vara,True,marin_data.company_lmmr,marin_data.analytic_plan_201
analytic_account_1214,Ferti Beet 97% 1x20kg,True,marin_data.company_lmmr,marin_data.analytic_plan_201
analytic_account_1215,Ferti Beet XM 2kg,True,marin_data.company_lmmr,marin_data.analytic_plan_201
analytic_account_1216,Fertilizadora de tres botes,True,marin_data.company_lmmr,marin_data.analytic_plan_201
analytic_account_1217,Final Bacter 0.800kg,True,marin_data.company_lmmr,marin_data.analytic_plan_201
analytic_account_1218,Finale Ultra 1L,True,marin_data.company_lmmr,marin_data.analytic_plan_201
analytic_account_1219,Finesse 1x10L,True,marin_data.company_lmmr,marin_data.analytic_plan_201
analytic_account_1220,Finesse 1x20L,True,marin_data.company_lmmr,marin_data.analytic_plan_201
analytic_account_1221,Fino 350SC 0.200L,True,marin_data.company_lmmr,marin_data.analytic_plan_201
analytic_account_1222,Fino 350SC 1L,True,marin_data.company_lmmr,marin_data.analytic_plan_201
analytic_account_1223,Fitobolic 1L,True,marin_data.company_lmmr,marin_data.analytic_plan_201
analytic_account_1224,Flex BIW 1L,True,marin_data.company_lmmr,marin_data.analytic_plan_201
analytic_account_1225,Flonex MZ 1x18L,True,marin_data.company_lmmr,marin_data.analytic_plan_201
analytic_account_1226,Florymar,True,marin_data.company_lmmr,marin_data.analytic_plan_201
analytic_account_1227,Folicur 250EW 1L,True,marin_data.company_lmmr,marin_data.analytic_plan_201
analytic_account_1228,Folimat 0.500L,True,marin_data.company_lmmr,marin_data.analytic_plan_201
analytic_account_1229,Folimat 1L,True,marin_data.company_lmmr,marin_data.analytic_plan_201
analytic_account_1230,Folio Gold 1L,True,marin_data.company_lmmr,marin_data.analytic_plan_201
analytic_account_1231,Foltron XL 1L,True,marin_data.company_lmmr,marin_data.analytic_plan_201
analytic_account_1232,Fontelis 1L,True,marin_data.company_lmmr,marin_data.analytic_plan_201
analytic_account_1233,Fontelis 1x9.5L,True,marin_data.company_lmmr,marin_data.analytic_plan_201
analytic_account_1234,Force 2GR 1x15kg,True,marin_data.company_lmmr,marin_data.analytic_plan_201
analytic_account_1235,Ford/F350/Vino/NHG3200A,True,marin_data.company_lmmr,marin_data.analytic_plan_201
analytic_account_1236,Ford/Lobo Raptor/NFW8978,True,marin_data.company_lmmr,marin_data.analytic_plan_201
analytic_account_1237,Forradol 1kg,True,marin_data.company_lmmr,marin_data.analytic_plan_201
analytic_account_1238,Forradol 1x10kg,True,marin_data.company_lmmr,marin_data.analytic_plan_201
analytic_account_1239,Fortexyl XM 480 SL 1L,True,marin_data.company_lmmr,marin_data.analytic_plan_201
analytic_account_1240,Freightliner/Cascadia 2019/Blanco/35AK6V,True,marin_data.company_lmmr,marin_data.analytic_plan_201
analytic_account_1241,Freightliner/M2 Torton 2018/Blanca/GY6636E,True,marin_data.company_lmmr,marin_data.analytic_plan_201
analytic_account_1242,Fusiflex Gold 1L,True,marin_data.company_lmmr,marin_data.analytic_plan_201
analytic_account_1243,Fusilade BIW 0.960L,True,marin_data.company_lmmr,marin_data.analytic_plan_201
analytic_account_1244,GMC/Sierra Doble Cabina Ultimate Version G 2024/Abalone/MWA355A,True,marin_data.company_lmmr,marin_data.analytic_plan_201
analytic_account_1245,GMC/Terrain 2023/Blanca/PEV3018,True,marin_data.company_lmmr,marin_data.analytic_plan_201
analytic_account_1246,Galant Ultra 1L,True,marin_data.company_lmmr,marin_data.analytic_plan_201
analytic_account_1247,Gargola 1L,True,marin_data.company_lmmr,marin_data.analytic_plan_201
analytic_account_1248,Gargola 1x20L,True,marin_data.company_lmmr,marin_data.analytic_plan_201
analytic_account_1249,Gesaprim Calibre 90 1kg,True,marin_data.company_lmmr,marin_data.analytic_plan_201
analytic_account_1250,Gesaprim Combi 1L,True,marin_data.company_lmmr,marin_data.analytic_plan_201
analytic_account_1251,Gesaprim autosuspensible 1L,True,marin_data.company_lmmr,marin_data.analytic_plan_201
analytic_account_1252,Gladder 720 1L,True,marin_data.company_lmmr,marin_data.analytic_plan_201
analytic_account_1253,Gladder 720 1x20L,True,marin_data.company_lmmr,marin_data.analytic_plan_201
analytic_account_1254,Gladis Linette Mancinas Miranda,True,marin_data.company_lmmr,marin_data.analytic_plan_201
analytic_account_1255,Gluforever 20% 0.950L,True,marin_data.company_lmmr,marin_data.analytic_plan_201
analytic_account_1256,GoUP Micro 1L,True,marin_data.company_lmmr,marin_data.analytic_plan_201
analytic_account_1257,Goal 2XL 1L,True,marin_data.company_lmmr,marin_data.analytic_plan_201
analytic_account_1258,Gramocil 0.900L,True,marin_data.company_lmmr,marin_data.analytic_plan_201
analytic_account_1259,Gramoxone 0.900L,True,marin_data.company_lmmr,marin_data.analytic_plan_201
analytic_account_1260,Gramoxone 1x5L,True,marin_data.company_lmmr,marin_data.analytic_plan_201
analytic_account_1261,Grapple 0.567kg,True,marin_data.company_lmmr,marin_data.analytic_plan_201
analytic_account_1262,Grofol 20-30-10 1kg,True,marin_data.company_lmmr,marin_data.analytic_plan_201
analytic_account_1263,Grofol 7-25-0 1x20L,True,marin_data.company_lmmr,marin_data.analytic_plan_201
analytic_account_1264,Guadalupe Munguia Velasco,True,marin_data.company_lmmr,marin_data.analytic_plan_201
analytic_account_1265,Guardian Xtra 1Kg,True,marin_data.company_lmmr,marin_data.analytic_plan_201
analytic_account_1266,Gunter G50 olote 1x20kg,True,marin_data.company_lmmr,marin_data.analytic_plan_201
analytic_account_1267,Gustavo Garcia Romero,True,marin_data.company_lmmr,marin_data.analytic_plan_201
analytic_account_1268,Headline 1L,True,marin_data.company_lmmr,marin_data.analytic_plan_201
analytic_account_1269,Herbizina Plus 1kg,True,marin_data.company_lmmr,marin_data.analytic_plan_201
analytic_account_1270,Hierbamina 0.950L,True,marin_data.company_lmmr,marin_data.analytic_plan_201
analytic_account_1271,Hierbamina 1L,True,marin_data.company_lmmr,marin_data.analytic_plan_201
analytic_account_1272,Hino/Hino 500 2018/Blanco/LD79762,True,marin_data.company_lmmr,marin_data.analytic_plan_201
analytic_account_1273,Hino/Hino 500 2023/Blanco/LF04183,True,marin_data.company_lmmr,marin_data.analytic_plan_201
analytic_account_1274,Horacio de la Cruz Alvarez,True,marin_data.company_lmmr,marin_data.analytic_plan_201
analytic_account_1275,Horno conveccion natural QL-30GCE,True,marin_data.company_lmmr,marin_data.analytic_plan_201
analytic_account_1276,Hugo Armando Hernandez Samano,True,marin_data.company_lmmr,marin_data.analytic_plan_201
analytic_account_1277,Hugo Esquivel Callejas,True,marin_data.company_lmmr,marin_data.analytic_plan_201
analytic_account_1278,Hugo Garcia Martinez,True,marin_data.company_lmmr,marin_data.analytic_plan_201
analytic_account_1279,Humiplex 50G Esferico 1x20kg,True,marin_data.company_lmmr,marin_data.analytic_plan_201
analytic_account_1280,Humitron 1L,True,marin_data.company_lmmr,marin_data.analytic_plan_201
analytic_account_1281,Humitron 1x20L,True,marin_data.company_lmmr,marin_data.analytic_plan_201
analytic_account_1282,Hyster/N35ZDR2 //D264N02295N,True,marin_data.company_lmmr,marin_data.analytic_plan_201
analytic_account_1283,Hyster/N35ZDR2 //D264N02296N,True,marin_data.company_lmmr,marin_data.analytic_plan_201
analytic_account_1284,Iguana 0.100kg,True,marin_data.company_lmmr,marin_data.analytic_plan_201
analytic_account_1285,Imidacron 70WG 0.500kg,True,marin_data.company_lmmr,marin_data.analytic_plan_201
analytic_account_1286,Infinito 1L,True,marin_data.company_lmmr,marin_data.analytic_plan_201
analytic_account_1287,Ingenux 80 XM 1kg,True,marin_data.company_lmmr,marin_data.analytic_plan_201
analytic_account_1288,Ingenux XM 800 WG 1kg,True,marin_data.company_lmmr,marin_data.analytic_plan_201
analytic_account_1289,Inspire Gold 1L,True,marin_data.company_lmmr,marin_data.analytic_plan_201
analytic_account_1290,International/Chasis Cabina/Amarillo/GZ3226C,True,marin_data.company_lmmr,marin_data.analytic_plan_201
analytic_account_1291,International/Chasis cabina/Azul/427AM5,True,marin_data.company_lmmr,marin_data.analytic_plan_201
analytic_account_1292,International/Chasis cabina/Naranja/MT2658H,True,marin_data.company_lmmr,marin_data.analytic_plan_201
analytic_account_1293,Irrigaid Gold 1x10L,True,marin_data.company_lmmr,marin_data.analytic_plan_201
analytic_account_1294,Isabion 1L,True,marin_data.company_lmmr,marin_data.analytic_plan_201
analytic_account_1295,Isuzu/Elf300 2012/Blanco/LF06362,True,marin_data.company_lmmr,marin_data.analytic_plan_201
analytic_account_1296,Isuzu/Elf300 2024/Blanco/LF07667,True,marin_data.company_lmmr,marin_data.analytic_plan_201
analytic_account_1297,Ixi 0.900L,True,marin_data.company_lmmr,marin_data.analytic_plan_201
analytic_account_1298,Ixi 1x5L,True,marin_data.company_lmmr,marin_data.analytic_plan_201
analytic_account_1299,Jaca 0.950L,True,marin_data.company_lmmr,marin_data.analytic_plan_201
analytic_account_1300,Jade 1x20kg,True,marin_data.company_lmmr,marin_data.analytic_plan_201
analytic_account_1301,Jeep/Patriot/Verde/NKZ3022,True,marin_data.company_lmmr,marin_data.analytic_plan_201
analytic_account_1302,Jeep/Wrangler/NVR2328,True,marin_data.company_lmmr,marin_data.analytic_plan_201
analytic_account_1303,Jeep/Wrangler/S04BCD,True,marin_data.company_lmmr,marin_data.analytic_plan_201
analytic_account_1304,Jesus Emanuel Martinez Bernal,True,marin_data.company_lmmr,marin_data.analytic_plan_201
analytic_account_1305,Jetta/2000/Verde/NMH6783,True,marin_data.company_lmmr,marin_data.analytic_plan_201
analytic_account_1306,Jorge Alexis Vazquez Espinosa,True,marin_data.company_lmmr,marin_data.analytic_plan_201
analytic_account_1307,Jorge Reynaldo Ibarra Cuadras,True,marin_data.company_lmmr,marin_data.analytic_plan_201
analytic_account_1308,Jose Alberto Celestino Adalid,True,marin_data.company_lmmr,marin_data.analytic_plan_201
analytic_account_1309,Jose Brandon Salgado Dominguez,True,marin_data.company_lmmr,marin_data.analytic_plan_201
analytic_account_1310,Jose Franco Delgado Avila,True,marin_data.company_lmmr,marin_data.analytic_plan_201
analytic_account_1311,Jose Manuel Estrada Mendoza,True,marin_data.company_lmmr,marin_data.analytic_plan_201
analytic_account_1312,Jose Roberto Cabrera Gomez,True,marin_data.company_lmmr,marin_data.analytic_plan_201
analytic_account_1313,Juan Carlos Lino Flores,True,marin_data.company_lmmr,marin_data.analytic_plan_201
analytic_account_1314,Juan Rafael Carranza Sacramento,True,marin_data.company_lmmr,marin_data.analytic_plan_201
analytic_account_1315,K-Fol 1kg,True,marin_data.company_lmmr,marin_data.analytic_plan_201
analytic_account_1316,K-Fol 1x10kg,True,marin_data.company_lmmr,marin_data.analytic_plan_201
analytic_account_1317,K-tionic 1L,True,marin_data.company_lmmr,marin_data.analytic_plan_201
analytic_account_1318,K-tionic 1x20L,True,marin_data.company_lmmr,marin_data.analytic_plan_201
analytic_account_1319,Kanamite 1L,True,marin_data.company_lmmr,marin_data.analytic_plan_201
analytic_account_1320,Kanemite 1gal,True,marin_data.company_lmmr,marin_data.analytic_plan_201
analytic_account_1321,Karate Zeon 0.200L,True,marin_data.company_lmmr,marin_data.analytic_plan_201
analytic_account_1322,Karate Zeon 0.250L,True,marin_data.company_lmmr,marin_data.analytic_plan_201
analytic_account_1323,Karate Zeon 1L,True,marin_data.company_lmmr,marin_data.analytic_plan_201
analytic_account_1324,Karma 350 SC  0.950L,True,marin_data.company_lmmr,marin_data.analytic_plan_201
analytic_account_1325,Kasumin 2% 1L,True,marin_data.company_lmmr,marin_data.analytic_plan_201
analytic_account_1326,Kasumin 2% 1x5L,True,marin_data.company_lmmr,marin_data.analytic_plan_201
analytic_account_1327,Kaxtoli 1kg,True,marin_data.company_lmmr,marin_data.analytic_plan_201
analytic_account_1328,Kenworth/Chasis cabina 1993/Rojo/MU7986F,True,marin_data.company_lmmr,marin_data.analytic_plan_201
analytic_account_1329,Kenworth/Chasis cabina 1982/Amarillo/427AM5,True,marin_data.company_lmmr,marin_data.analytic_plan_201
analytic_account_1330,Kenworth/Chasis cabina 1982/Amarillo/GZ3226C,True,marin_data.company_lmmr,marin_data.analytic_plan_201
analytic_account_1331,Kenworth/Chasis cabina 1982/Amarillo/MT2658H,True,marin_data.company_lmmr,marin_data.analytic_plan_201
analytic_account_1332,Kia/Kia 2022/Rojo/LLY767A,True,marin_data.company_lmmr,marin_data.analytic_plan_201
analytic_account_1333,Kik 0.250L,True,marin_data.company_lmmr,marin_data.analytic_plan_201
analytic_account_1334,Kik 0.970L,True,marin_data.company_lmmr,marin_data.analytic_plan_201
analytic_account_1335,Kiloton 30-30 1L,True,marin_data.company_lmmr,marin_data.analytic_plan_201
analytic_account_1336,Kiloton 30-30 1x20L,True,marin_data.company_lmmr,marin_data.analytic_plan_201
analytic_account_1337,Kirio CE70 0.200L,True,marin_data.company_lmmr,marin_data.analytic_plan_201
analytic_account_1338,Kirio CE70 1L,True,marin_data.company_lmmr,marin_data.analytic_plan_201
analytic_account_1339,Klorpan 1L,True,marin_data.company_lmmr,marin_data.analytic_plan_201
analytic_account_1340,Klorpan 1x10L,True,marin_data.company_lmmr,marin_data.analytic_plan_201
analytic_account_1341,Konfiro 350 SC 1L,True,marin_data.company_lmmr,marin_data.analytic_plan_201
analytic_account_1342,Kook 1L,True,marin_data.company_lmmr,marin_data.analytic_plan_201
analytic_account_1343,LMMG,True,marin_data.company_lmmr,marin_data.analytic_plan_201
analytic_account_1344,LMMR,True,marin_data.company_lmmr,marin_data.analytic_plan_201
analytic_account_1345,La Joya,True,marin_data.company_lmmr,marin_data.analytic_plan_201
analytic_account_1346,Lannate 90 0.100kg,True,marin_data.company_lmmr,marin_data.analytic_plan_201
analytic_account_1347,Latigo L 1x5L,True,marin_data.company_lmmr,marin_data.analytic_plan_201
analytic_account_1348,Laudis paquete,True,marin_data.company_lmmr,marin_data.analytic_plan_201
analytic_account_1349,Leao 1L,True,marin_data.company_lmmr,marin_data.analytic_plan_201
analytic_account_1350,Leon Alfonso Tirso Ruiz,True,marin_data.company_lmmr,marin_data.analytic_plan_201
analytic_account_1351,Li 700 1L,True,marin_data.company_lmmr,marin_data.analytic_plan_201
analytic_account_1352,Li 700 1x10L,True,marin_data.company_lmmr,marin_data.analytic_plan_201
analytic_account_1353,Linexar CT 720+80 SC 1L,True,marin_data.company_lmmr,marin_data.analytic_plan_201
analytic_account_1354,Linexar XM 330 SC 1L,True,marin_data.company_lmmr,marin_data.analytic_plan_201
analytic_account_1355,Linexar XM 600 SC 1L,True,marin_data.company_lmmr,marin_data.analytic_plan_201
analytic_account_1356,Lobo 200SC 1L,True,marin_data.company_lmmr,marin_data.analytic_plan_201
analytic_account_1357,Lorsban 480 1x10L,True,marin_data.company_lmmr,marin_data.analytic_plan_201
analytic_account_1358,Lorsban 5% 1x20kg,True,marin_data.company_lmmr,marin_data.analytic_plan_201
analytic_account_1359,Lorsban 75 1kg,True,marin_data.company_lmmr,marin_data.analytic_plan_201
analytic_account_1360,Loxton 1L,True,marin_data.company_lmmr,marin_data.analytic_plan_201
analytic_account_1361,Luis Enrique Zarco Marcos,True,marin_data.company_lmmr,marin_data.analytic_plan_201
analytic_account_1362,Luis Javier Rosales Portillo,True,marin_data.company_lmmr,marin_data.analytic_plan_201
analytic_account_1363,Lumax Gold ZC 1x10L,True,marin_data.company_lmmr,marin_data.analytic_plan_201
analytic_account_1364,Luna Experience 1L,True,marin_data.company_lmmr,marin_data.analytic_plan_201
analytic_account_1365,Magdalena Garcia Flores,True,marin_data.company_lmmr,marin_data.analytic_plan_201
analytic_account_1366,Magistop XM 250 EC 1L,True,marin_data.company_lmmr,marin_data.analytic_plan_201
analytic_account_1367,Malphos 1000 CE 0.950L,True,marin_data.company_lmmr,marin_data.analytic_plan_201
analytic_account_1368,Malphos CE1000 0.950L,True,marin_data.company_lmmr,marin_data.analytic_plan_201
analytic_account_1369,Mancozeb PH80 1kg,True,marin_data.company_lmmr,marin_data.analytic_plan_201
analytic_account_1370,Mancozeb PH80 1x25kg,True,marin_data.company_lmmr,marin_data.analytic_plan_201
analytic_account_1371,Manuel Humberto Santiago Calzada,True,marin_data.company_lmmr,marin_data.analytic_plan_201
analytic_account_1372,Manuel Jesus Gonzalez Samano,True,marin_data.company_lmmr,marin_data.analytic_plan_201
analytic_account_1373,Manzate 200WP 1kg,True,marin_data.company_lmmr,marin_data.analytic_plan_201
analytic_account_1374,Manzate 200WP 1x25kg,True,marin_data.company_lmmr,marin_data.analytic_plan_201
analytic_account_1375,Manzate ProStick 1kg,True,marin_data.company_lmmr,marin_data.analytic_plan_201
analytic_account_1376,Manzeb 1x25kg,True,marin_data.company_lmmr,marin_data.analytic_plan_201
analytic_account_1377,Maquinaria y Equipo Fiscal,True,marin_data.company_lmmr,marin_data.analytic_plan_201
analytic_account_1378,Marco Antonio Hernandez Samano,True,marin_data.company_lmmr,marin_data.analytic_plan_201
analytic_account_1379,Marco Antonio Reyes Lopez,True,marin_data.company_lmmr,marin_data.analytic_plan_201
analytic_account_1380,Maria Guadalupe Orozco Mendieta,True,marin_data.company_lmmr,marin_data.analytic_plan_201
analytic_account_1381,Maria de los Angeles Martinez Guzman,True,marin_data.company_lmmr,marin_data.analytic_plan_201
analytic_account_1382,Marvel 1L,True,marin_data.company_lmmr,marin_data.analytic_plan_201
analytic_account_1383,Masai 1L,True,marin_data.company_lmmr,marin_data.analytic_plan_201
analytic_account_1384,Maspor Plus 1L,True,marin_data.company_lmmr,marin_data.analytic_plan_201
analytic_account_1385,Matrix 0.567kg,True,marin_data.company_lmmr,marin_data.analytic_plan_201
analytic_account_1386,Mauricio Daniel Nieto Martínez,True,marin_data.company_lmmr,marin_data.analytic_plan_201
analytic_account_1387,Mercedes/Class GLA 2020/Gris/NVS9689,True,marin_data.company_lmmr,marin_data.analytic_plan_201
analytic_account_1388,Mercedes/Class GLS/Plata/PCW9472,True,marin_data.company_lmmr,marin_data.analytic_plan_201
analytic_account_1389,Mercedes/GLK 300/Gris obscuro/PEV2602,True,marin_data.company_lmmr,marin_data.analytic_plan_201
analytic_account_1390,Merivon 1.6L,True,marin_data.company_lmmr,marin_data.analytic_plan_201
analytic_account_1391,Merivon 1L,True,marin_data.company_lmmr,marin_data.analytic_plan_201
analytic_account_1392,Mertec 340 1L,True,marin_data.company_lmmr,marin_data.analytic_plan_201
analytic_account_1393,Metnate 1kg,True,marin_data.company_lmmr,marin_data.analytic_plan_201
analytic_account_1394,Miguel Angel Alva Medina,True,marin_data.company_lmmr,marin_data.analytic_plan_201
analytic_account_1395,Minecto Duo 0.600kg,True,marin_data.company_lmmr,marin_data.analytic_plan_201
analytic_account_1396,Miravis Duo 1L,True,marin_data.company_lmmr,marin_data.analytic_plan_201
analytic_account_1397,Miravis Prime 1gal,True,marin_data.company_lmmr,marin_data.analytic_plan_201
analytic_account_1398,Miriso 1L,True,marin_data.company_lmmr,marin_data.analytic_plan_201
analytic_account_1399,Misael Varela Quiroz,True,marin_data.company_lmmr,marin_data.analytic_plan_201
analytic_account_1400,Mitsubishi/L200 doble cabina 4x4 diesel TA 2023/Blanca/PEV3818,True,marin_data.company_lmmr,marin_data.analytic_plan_201
analytic_account_1401,Mitsubishi/L200 doble cabina 4x4 diesel TA 2023/Blanca/PEV3859,True,marin_data.company_lmmr,marin_data.analytic_plan_201
analytic_account_1402,Mitsubishi/L200 doble cabina 4x4 diesel TA 2023/Blanca/PET3908,True,marin_data.company_lmmr,marin_data.analytic_plan_201
analytic_account_1403,Mitsubishi/L200 doble cabina 4x4 diesel TA 2023/Gris/PET4048,True,marin_data.company_lmmr,marin_data.analytic_plan_201
analytic_account_1404,Mitsubishi/L200 doble cabina 4x2 gasolina TM 2021/Blanca/PEV2481,True,marin_data.company_lmmr,marin_data.analytic_plan_201
analytic_account_1405,Mitsubishi/L200 doble cabina 4x4 diesel TA 2023/Gris/PET3909,True,marin_data.company_lmmr,marin_data.analytic_plan_201
analytic_account_1406,Mitsubishi/L200 doble cabina 4x4 diesel TA 2023/Gris/PET4042,True,marin_data.company_lmmr,marin_data.analytic_plan_201
analytic_account_1407,Mitsubishi/L200 doble cabina 4x4 diesel TA 2023/Roja/PEV4006,True,marin_data.company_lmmr,marin_data.analytic_plan_201
analytic_account_1408,Mitsubishi/L200 doble cabina 4x4 diesel TA 2023/Plata/PEV3871,True,marin_data.company_lmmr,marin_data.analytic_plan_201
analytic_account_1409,Mocap 15%G 1x10Kg,True,marin_data.company_lmmr,marin_data.analytic_plan_201
analytic_account_1410,Mocap Extra 1L,True,marin_data.company_lmmr,marin_data.analytic_plan_201
analytic_account_1411,Mocap Extra 1x10L,True,marin_data.company_lmmr,marin_data.analytic_plan_201
analytic_account_1412,Moddus 1L,True,marin_data.company_lmmr,marin_data.analytic_plan_201
analytic_account_1413,Monceren 1x10L,True,marin_data.company_lmmr,marin_data.analytic_plan_201
analytic_account_1414,Moncut PH50 1kg,True,marin_data.company_lmmr,marin_data.analytic_plan_201
analytic_account_1415,Monitor 1L,True,marin_data.company_lmmr,marin_data.analytic_plan_201
analytic_account_1416,Monoupel 0.950L,True,marin_data.company_lmmr,marin_data.analytic_plan_201
analytic_account_1417,Monoupel 0.970L,True,marin_data.company_lmmr,marin_data.analytic_plan_201
analytic_account_1418,Movento OD150 0.500L,True,marin_data.company_lmmr,marin_data.analytic_plan_201
analytic_account_1419,Movento OD150 1L,True,marin_data.company_lmmr,marin_data.analytic_plan_201
analytic_account_1420,Movento SC240 0.950L,True,marin_data.company_lmmr,marin_data.analytic_plan_201
analytic_account_1421,Movento SC240 1gal,True,marin_data.company_lmmr,marin_data.analytic_plan_201
analytic_account_1422,Muralla Max 0.250L,True,marin_data.company_lmmr,marin_data.analytic_plan_201
analytic_account_1423,Muralla Max 0.500L,True,marin_data.company_lmmr,marin_data.analytic_plan_201
analytic_account_1424,Nagata 1L,True,marin_data.company_lmmr,marin_data.analytic_plan_201
analytic_account_1425,Nahum Santos Dominguez,True,marin_data.company_lmmr,marin_data.analytic_plan_201
analytic_account_1426,Nanofos 1L,True,marin_data.company_lmmr,marin_data.analytic_plan_201
analytic_account_1427,Nanofos 1x10L,True,marin_data.company_lmmr,marin_data.analytic_plan_201
analytic_account_1428,Navajo 0.500kg,True,marin_data.company_lmmr,marin_data.analytic_plan_201
analytic_account_1429,Nemacur 1L,True,marin_data.company_lmmr,marin_data.analytic_plan_201
analytic_account_1430,Nemacur 1x10L,True,marin_data.company_lmmr,marin_data.analytic_plan_201
analytic_account_1431,Neonic XM 800 WDG 0.600kg,True,marin_data.company_lmmr,marin_data.analytic_plan_201
analytic_account_1432,New Leverage 1L,True,marin_data.company_lmmr,marin_data.analytic_plan_201
analytic_account_1433,Nicoking 1L,True,marin_data.company_lmmr,marin_data.analytic_plan_201
analytic_account_1434,Nissan/Frontier doble cabina 4x2 gasolina TM/PCU4853,True,marin_data.company_lmmr,marin_data.analytic_plan_201
analytic_account_1435,Nissan/Frontier doble cabina 4x2 gasolina TM/NYG7049,True,marin_data.company_lmmr,marin_data.analytic_plan_201
analytic_account_1436,Nissan/NP300 cabina regular chasis 4x2 gasolina TM/LF00524,True,marin_data.company_lmmr,marin_data.analytic_plan_201
analytic_account_1437,Nissan/NP300 cabina regular chasis 4x2 diesel TM 2024/Blanca/LF07690,True,marin_data.company_lmmr,marin_data.analytic_plan_201
analytic_account_1438,Nissan/NP300 cabina regular chasis 4x2 gasolina TM/HR6849F,True,marin_data.company_lmmr,marin_data.analytic_plan_201
analytic_account_1439,Nissan/NP300 cabina regular chasis 4x2 gasolina TM/LF00514-NCF3953,True,marin_data.company_lmmr,marin_data.analytic_plan_201
analytic_account_1440,Nissan/Versa 2021/Gris/NWG8301,True,marin_data.company_lmmr,marin_data.analytic_plan_201
analytic_account_1441,Noster CLN 1kg,True,marin_data.company_lmmr,marin_data.analytic_plan_201
analytic_account_1442,Noster MZ 1kg,True,marin_data.company_lmmr,marin_data.analytic_plan_201
analytic_account_1443,Nufacid 1L,True,marin_data.company_lmmr,marin_data.analytic_plan_201
analytic_account_1444,Nufacid 1x20L,True,marin_data.company_lmmr,marin_data.analytic_plan_201
analytic_account_1445,Nugor 40% EC 0.970L,True,marin_data.company_lmmr,marin_data.analytic_plan_201
analytic_account_1446,Nuprid 0.950L,True,marin_data.company_lmmr,marin_data.analytic_plan_201
analytic_account_1447,Nuquat 0.900L,True,marin_data.company_lmmr,marin_data.analytic_plan_201
analytic_account_1448,Nuquat 1x20L,True,marin_data.company_lmmr,marin_data.analytic_plan_201
analytic_account_1449,Nuquat 1x5L,True,marin_data.company_lmmr,marin_data.analytic_plan_201
analytic_account_1450,Oberon SC240 1L,True,marin_data.company_lmmr,marin_data.analytic_plan_201
analytic_account_1451,Oberon Speed 1L,True,marin_data.company_lmmr,marin_data.analytic_plan_201
analytic_account_1452,Olla 572l Calibre 14,True,marin_data.company_lmmr,marin_data.analytic_plan_201
analytic_account_1453,Olmer Jimenez Martinez,True,marin_data.company_lmmr,marin_data.analytic_plan_201
analytic_account_1454,Omar Rivera Salinas,True,marin_data.company_lmmr,marin_data.analytic_plan_201
analytic_account_1455,Omipro CT 375+375 SC 1L,True,marin_data.company_lmmr,marin_data.analytic_plan_201
analytic_account_1456,Omipro XM 722 SL 1L,True,marin_data.company_lmmr,marin_data.analytic_plan_201
analytic_account_1457,Omite 1L,True,marin_data.company_lmmr,marin_data.analytic_plan_201
analytic_account_1458,Opnil Xtra 0.200kg,True,marin_data.company_lmmr,marin_data.analytic_plan_201
analytic_account_1459,OrganicSoil 08-24-10 1x20L,True,marin_data.company_lmmr,marin_data.analytic_plan_201
analytic_account_1460,Orkestra 1L,True,marin_data.company_lmmr,marin_data.analytic_plan_201
analytic_account_1461,Orondis 0.950L,True,marin_data.company_lmmr,marin_data.analytic_plan_201
analytic_account_1462,Orondis Opti 1L,True,marin_data.company_lmmr,marin_data.analytic_plan_201
analytic_account_1463,Orondis Ultra 1L,True,marin_data.company_lmmr,marin_data.analytic_plan_201
analytic_account_1464,Orondis Ultra 1gal,True,marin_data.company_lmmr,marin_data.analytic_plan_201
analytic_account_1465,Orthene Ultra 0.600kg,True,marin_data.company_lmmr,marin_data.analytic_plan_201
analytic_account_1466,Orthene Ultra 1kg,True,marin_data.company_lmmr,marin_data.analytic_plan_201
analytic_account_1467,Oscar Abdiel Becerril Villafuerte,True,marin_data.company_lmmr,marin_data.analytic_plan_201
analytic_account_1468,BRP/Outlander 2016/Azul/No Plate,True,marin_data.company_lmmr,marin_data.analytic_plan_201
analytic_account_1469,PH Organic 1L,True,marin_data.company_lmmr,marin_data.analytic_plan_201
analytic_account_1470,Pablo de Jesus Valdez,True,marin_data.company_lmmr,marin_data.analytic_plan_201
analytic_account_1471,Papa Fianna mini Cal 16 semilla,True,marin_data.company_lmmr,marin_data.analytic_plan_201
analytic_account_1472,Papas Fritas,True,marin_data.company_lmmr,marin_data.analytic_plan_201
analytic_account_1473,Pardo 90% 0.100kg,True,marin_data.company_lmmr,marin_data.analytic_plan_201
analytic_account_1474,Pardo 90% 1kg,True,marin_data.company_lmmr,marin_data.analytic_plan_201
analytic_account_1475,Parrilla de calentamiento mod:IKA-0003581201,True,marin_data.company_lmmr,marin_data.analytic_plan_201
analytic_account_1476,Patin hidraulico,True,marin_data.company_lmmr,marin_data.analytic_plan_201
analytic_account_1477,Patin hidraulico 3 ton.,True,marin_data.company_lmmr,marin_data.analytic_plan_201
analytic_account_1478,Patin hidraulico 42/01,True,marin_data.company_lmmr,marin_data.analytic_plan_201
analytic_account_1479,Patin hidraulico 42/02,True,marin_data.company_lmmr,marin_data.analytic_plan_201
analytic_account_1480,Patin hidraulico 48/01,True,marin_data.company_lmmr,marin_data.analytic_plan_201
analytic_account_1481,Patin hidraulico 48/02,True,marin_data.company_lmmr,marin_data.analytic_plan_201
analytic_account_1482,"Patin hidraulico Big Joe, modelo P50-27X48",True,marin_data.company_lmmr,marin_data.analytic_plan_201
analytic_account_1483,Patricia Nicolas Hernandez,True,marin_data.company_lmmr,marin_data.analytic_plan_201
analytic_account_1484,Peak 0.030kg,True,marin_data.company_lmmr,marin_data.analytic_plan_201
analytic_account_1485,Peak Turbo 0.500kg,True,marin_data.company_lmmr,marin_data.analytic_plan_201
analytic_account_1486,Pentaclor 600 1x18L,True,marin_data.company_lmmr,marin_data.analytic_plan_201
analytic_account_1487,Permekoor 38.4 EC,True,marin_data.company_lmmr,marin_data.analytic_plan_201
analytic_account_1488,Permetrina Diablo 2% 1x25kg,True,marin_data.company_lmmr,marin_data.analytic_plan_201
analytic_account_1489,Pilatus 1L,True,marin_data.company_lmmr,marin_data.analytic_plan_201
analytic_account_1490,Piriflu 20SC 0.500L,True,marin_data.company_lmmr,marin_data.analytic_plan_201
analytic_account_1491,Pitstop 1L,True,marin_data.company_lmmr,marin_data.analytic_plan_201
analytic_account_1492,Planta de luz 150 kw diesel Leroy Somer,True,marin_data.company_lmmr,marin_data.analytic_plan_201
analytic_account_1493,Platino 375 CE 0.975L,True,marin_data.company_lmmr,marin_data.analytic_plan_201
analytic_account_1494,Platinum 240SC 0.300L,True,marin_data.company_lmmr,marin_data.analytic_plan_201
analytic_account_1495,Platinum 240SC 1x5L,True,marin_data.company_lmmr,marin_data.analytic_plan_201
analytic_account_1496,Platinum 75SG 0.907kg,True,marin_data.company_lmmr,marin_data.analytic_plan_201
analytic_account_1497,Plenum 1kg,True,marin_data.company_lmmr,marin_data.analytic_plan_201
analytic_account_1498,Poliquel Boro 1L,True,marin_data.company_lmmr,marin_data.analytic_plan_201
analytic_account_1499,Poliquel Calcio 1L,True,marin_data.company_lmmr,marin_data.analytic_plan_201
analytic_account_1500,Poliquel Calcio 1x20L,True,marin_data.company_lmmr,marin_data.analytic_plan_201
analytic_account_1501,Poliquel Fierro 1L,True,marin_data.company_lmmr,marin_data.analytic_plan_201
analytic_account_1502,Poliquel Multi 1L,True,marin_data.company_lmmr,marin_data.analytic_plan_201
analytic_account_1503,Poliquel Zinc 1L,True,marin_data.company_lmmr,marin_data.analytic_plan_201
analytic_account_1504,Poliquel Zinc 1x20L,True,marin_data.company_lmmr,marin_data.analytic_plan_201
analytic_account_1505,Porsche/Macan/RBF344A,True,marin_data.company_lmmr,marin_data.analytic_plan_201
analytic_account_1506,Powerful 1L,True,marin_data.company_lmmr,marin_data.analytic_plan_201
analytic_account_1507,Prebact 20SL 1L,True,marin_data.company_lmmr,marin_data.analytic_plan_201
analytic_account_1508,Preguard 1L,True,marin_data.company_lmmr,marin_data.analytic_plan_201
analytic_account_1509,Premium Potato Alto,True,marin_data.company_lmmr,marin_data.analytic_plan_201
analytic_account_1510,Presurizador C Max Press,True,marin_data.company_lmmr,marin_data.analytic_plan_201
analytic_account_1511,Previcur Energy 1L,True,marin_data.company_lmmr,marin_data.analytic_plan_201
analytic_account_1512,Previcur N 1L,True,marin_data.company_lmmr,marin_data.analytic_plan_201
analytic_account_1513,Primagram Gold 1L,True,marin_data.company_lmmr,marin_data.analytic_plan_201
analytic_account_1514,Priori Xtra 0.200L,True,marin_data.company_lmmr,marin_data.analytic_plan_201
analytic_account_1515,Prochrid 1L,True,marin_data.company_lmmr,marin_data.analytic_plan_201
analytic_account_1516,Proclaim Opti WG50 0.600kg,True,marin_data.company_lmmr,marin_data.analytic_plan_201
analytic_account_1517,Proclaim SG50 0.600kg,True,marin_data.company_lmmr,marin_data.analytic_plan_201
analytic_account_1518,Promyl 1kg,True,marin_data.company_lmmr,marin_data.analytic_plan_201
analytic_account_1519,Pronaforte Max 1L,True,marin_data.company_lmmr,marin_data.analytic_plan_201
analytic_account_1520,Propiedad Antares,True,marin_data.company_lmmr,marin_data.analytic_plan_201
analytic_account_1521,Propiedad Avenida Estado de Mexico,True,marin_data.company_lmmr,marin_data.analytic_plan_201
analytic_account_1522,Propiedad Balderas,True,marin_data.company_lmmr,marin_data.analytic_plan_201
analytic_account_1523,Propiedad Bodega Querétaro,True,marin_data.company_lmmr,marin_data.analytic_plan_201
analytic_account_1524,Propiedad CODAGEM,True,marin_data.company_lmmr,marin_data.analytic_plan_201
analytic_account_1525,Propiedad Chevy San Carlos,True,marin_data.company_lmmr,marin_data.analytic_plan_201
analytic_account_1526,Propiedad Florymar,True,marin_data.company_lmmr,marin_data.analytic_plan_201
analytic_account_1527,Propiedad Hipico,True,marin_data.company_lmmr,marin_data.analytic_plan_201
analytic_account_1528,Propiedad La Joya Rancho,True,marin_data.company_lmmr,marin_data.analytic_plan_201
analytic_account_1529,Propiedad Pedro Ascencio,True,marin_data.company_lmmr,marin_data.analytic_plan_201
analytic_account_1530,Propiedad Portofino,True,marin_data.company_lmmr,marin_data.analytic_plan_201
analytic_account_1531,Propiedad San Juan,True,marin_data.company_lmmr,marin_data.analytic_plan_201
analytic_account_1532,Propiedad Santiaguito,True,marin_data.company_lmmr,marin_data.analytic_plan_201
analytic_account_1533,Propiedad Tenango centro,True,marin_data.company_lmmr,marin_data.analytic_plan_201
analytic_account_1534,Propiedad Udeca,True,marin_data.company_lmmr,marin_data.analytic_plan_201
analytic_account_1535,Propiedad los Robles 19,True,marin_data.company_lmmr,marin_data.analytic_plan_201
analytic_account_1536,Propiedad los Robles 20,True,marin_data.company_lmmr,marin_data.analytic_plan_201
analytic_account_1537,Propiedad los Robles 21,True,marin_data.company_lmmr,marin_data.analytic_plan_201
analytic_account_1538,Propiedad los Robles 22,True,marin_data.company_lmmr,marin_data.analytic_plan_201
analytic_account_1539,Propiedad los Robles 23,True,marin_data.company_lmmr,marin_data.analytic_plan_201
analytic_account_1540,Propiedad los Robles 24,True,marin_data.company_lmmr,marin_data.analytic_plan_201
analytic_account_1541,Propoxur 1L,True,marin_data.company_lmmr,marin_data.analytic_plan_201
analytic_account_1542,Proxity XM 350 EC 1L,True,marin_data.company_lmmr,marin_data.analytic_plan_201
analytic_account_1543,Prozycar 1kg,True,marin_data.company_lmmr,marin_data.analytic_plan_201
analytic_account_1544,Pulsor 1L,True,marin_data.company_lmmr,marin_data.analytic_plan_201
analytic_account_1545,Pulsor 1x9L,True,marin_data.company_lmmr,marin_data.analytic_plan_201
analytic_account_1546,Pulverizadora modelo falcon agricola,True,marin_data.company_lmmr,marin_data.analytic_plan_201
analytic_account_1547,Quadris 1gal,True,marin_data.company_lmmr,marin_data.analytic_plan_201
analytic_account_1548,Quadris 1x2.5gal,True,marin_data.company_lmmr,marin_data.analytic_plan_201
analytic_account_1549,Quadris Opti 1L,True,marin_data.company_lmmr,marin_data.analytic_plan_201
analytic_account_1550,Quilt 0.800L,True,marin_data.company_lmmr,marin_data.analytic_plan_201
analytic_account_1551,Raigon XM 1L,True,marin_data.company_lmmr,marin_data.analytic_plan_201
analytic_account_1552,Raizal 1kg,True,marin_data.company_lmmr,marin_data.analytic_plan_201
analytic_account_1553,Raptor 720 1L,True,marin_data.company_lmmr,marin_data.analytic_plan_201
analytic_account_1554,Raptor 720 1x10L,True,marin_data.company_lmmr,marin_data.analytic_plan_201
analytic_account_1555,Rayoquat 1x5L,True,marin_data.company_lmmr,marin_data.analytic_plan_201
analytic_account_1556,Regent SC4 1L,True,marin_data.company_lmmr,marin_data.analytic_plan_201
analytic_account_1557,Reglone 1x5L,True,marin_data.company_lmmr,marin_data.analytic_plan_201
analytic_account_1558,Remolque norte cama baja,True,marin_data.company_lmmr,marin_data.analytic_plan_201
analytic_account_1559,Reptile 0.600kg,True,marin_data.company_lmmr,marin_data.analytic_plan_201
analytic_account_1560,Requiem 1x4L,True,marin_data.company_lmmr,marin_data.analytic_plan_201
analytic_account_1561,Revent 1L,True,marin_data.company_lmmr,marin_data.analytic_plan_201
analytic_account_1562,Revolvedora 9 HP,True,marin_data.company_lmmr,marin_data.analytic_plan_201
analytic_account_1563,Revolvedora Powermix,True,marin_data.company_lmmr,marin_data.analytic_plan_201
analytic_account_1564,Revolvedora Powermix 02,True,marin_data.company_lmmr,marin_data.analytic_plan_201
analytic_account_1565,Ridomil Gold 480 0.250L,True,marin_data.company_lmmr,marin_data.analytic_plan_201
analytic_account_1566,Ridomil Gold 480 1L,True,marin_data.company_lmmr,marin_data.analytic_plan_201
analytic_account_1567,Ridomil Gold Bravo 1L,True,marin_data.company_lmmr,marin_data.analytic_plan_201
analytic_account_1568,Rizolex 1kg,True,marin_data.company_lmmr,marin_data.analytic_plan_201
analytic_account_1569,Rizolex 1x5kg,True,marin_data.company_lmmr,marin_data.analytic_plan_201
analytic_account_1570,Rod Axel Jimenez Magaña,True,marin_data.company_lmmr,marin_data.analytic_plan_201
analytic_account_1571,Rolling 720 1L,True,marin_data.company_lmmr,marin_data.analytic_plan_201
analytic_account_1572,Rolling 720 1x10L,True,marin_data.company_lmmr,marin_data.analytic_plan_201
analytic_account_1573,Rolling 720 1x200L,True,marin_data.company_lmmr,marin_data.analytic_plan_201
analytic_account_1574,Ronstar 250EC 1L,True,marin_data.company_lmmr,marin_data.analytic_plan_201
analytic_account_1575,Rooting 1L,True,marin_data.company_lmmr,marin_data.analytic_plan_201
analytic_account_1576,Rooting G 1x15Kg,True,marin_data.company_lmmr,marin_data.analytic_plan_201
analytic_account_1577,Ruben Daniel Piña Arcos,True,marin_data.company_lmmr,marin_data.analytic_plan_201
analytic_account_1578,SA Propel RTU 0.500L,True,marin_data.company_lmmr,marin_data.analytic_plan_201
analytic_account_1579,SHK Amin 800 0.500kg,True,marin_data.company_lmmr,marin_data.analytic_plan_201
analytic_account_1580,SHK Betagli Max 1x2kg,True,marin_data.company_lmmr,marin_data.analytic_plan_201
analytic_account_1581,SHK Boron 0.500kg,True,marin_data.company_lmmr,marin_data.analytic_plan_201
analytic_account_1582,SHK Calcium 18% 0.500kg,True,marin_data.company_lmmr,marin_data.analytic_plan_201
analytic_account_1583,SHK Calcium Boron 0.500kg,True,marin_data.company_lmmr,marin_data.analytic_plan_201
analytic_account_1584,SHK Calcium Molibdenum 0.500kg,True,marin_data.company_lmmr,marin_data.analytic_plan_201
analytic_account_1585,SHK Copper 16.4% 0.050kgr,True,marin_data.company_lmmr,marin_data.analytic_plan_201
analytic_account_1586,SHK Copper 16.4% 0.150kg,True,marin_data.company_lmmr,marin_data.analytic_plan_201
analytic_account_1587,SHK Iron 15% 0.500kg,True,marin_data.company_lmmr,marin_data.analytic_plan_201
analytic_account_1588,SHK Magnesium 0.500kg,True,marin_data.company_lmmr,marin_data.analytic_plan_201
analytic_account_1589,SHK Mixboost 0.500kg,True,marin_data.company_lmmr,marin_data.analytic_plan_201
analytic_account_1590,SHK Multiboost 0.500kg,True,marin_data.company_lmmr,marin_data.analytic_plan_201
analytic_account_1591,SHK PK 0-17-17 0.500kg,True,marin_data.company_lmmr,marin_data.analytic_plan_201
analytic_account_1592,SHK Potassium 24% 0.500kg,True,marin_data.company_lmmr,marin_data.analytic_plan_201
analytic_account_1593,SHK Romel 1L,True,marin_data.company_lmmr,marin_data.analytic_plan_201
analytic_account_1594,SHK Umeru 0.500kg,True,marin_data.company_lmmr,marin_data.analytic_plan_201
analytic_account_1595,SHK ZM 9-9 0.500kg,True,marin_data.company_lmmr,marin_data.analytic_plan_201
analytic_account_1596,SHK Zinc 19.3% 0.500kg,True,marin_data.company_lmmr,marin_data.analytic_plan_201
analytic_account_1597,Saathi 1L,True,marin_data.company_lmmr,marin_data.analytic_plan_201
analytic_account_1598,Sanson OD 0.700L,True,marin_data.company_lmmr,marin_data.analytic_plan_201
analytic_account_1599,Satorius 1L,True,marin_data.company_lmmr,marin_data.analytic_plan_201
analytic_account_1600,Scala SC600 1L,True,marin_data.company_lmmr,marin_data.analytic_plan_201
analytic_account_1601,Scenery 1kg,True,marin_data.company_lmmr,marin_data.analytic_plan_201
analytic_account_1602,Score 1L,True,marin_data.company_lmmr,marin_data.analytic_plan_201
analytic_account_1603,"Segadora modelo 370, marca John Deere",True,marin_data.company_lmmr,marin_data.analytic_plan_201
analytic_account_1604,Selecop 0.950L,True,marin_data.company_lmmr,marin_data.analytic_plan_201
analytic_account_1605,Select Ultra 0.500L,True,marin_data.company_lmmr,marin_data.analytic_plan_201
analytic_account_1606,Semevin FS350 1L,True,marin_data.company_lmmr,marin_data.analytic_plan_201
analytic_account_1607,Sencor 1L,True,marin_data.company_lmmr,marin_data.analytic_plan_201
analytic_account_1608,Serenade ASO 1L,True,marin_data.company_lmmr,marin_data.analytic_plan_201
analytic_account_1609,Serenade ASO 1x10L,True,marin_data.company_lmmr,marin_data.analytic_plan_201
analytic_account_1610,Serenade Max 1kg,True,marin_data.company_lmmr,marin_data.analytic_plan_201
analytic_account_1611,Serenade Opti 1kg,True,marin_data.company_lmmr,marin_data.analytic_plan_201
analytic_account_1612,Serenade Opti 1x5kg,True,marin_data.company_lmmr,marin_data.analytic_plan_201
analytic_account_1613,Serenade Soil 1x10L,True,marin_data.company_lmmr,marin_data.analytic_plan_201
analytic_account_1614,Serenade Soil 1x5kg,True,marin_data.company_lmmr,marin_data.analytic_plan_201
analytic_account_1615,Sergio Hernandez Alcantara,True,marin_data.company_lmmr,marin_data.analytic_plan_201
analytic_account_1616,Serifel 0.500kg,True,marin_data.company_lmmr,marin_data.analytic_plan_201
analytic_account_1617,Shogun 1L,True,marin_data.company_lmmr,marin_data.analytic_plan_201
analytic_account_1618,Silwet Maxx 0.250L,True,marin_data.company_lmmr,marin_data.analytic_plan_201
analytic_account_1619,Silwet Maxx 1L,True,marin_data.company_lmmr,marin_data.analytic_plan_201
analytic_account_1620,Sivanto Prime 1L,True,marin_data.company_lmmr,marin_data.analytic_plan_201
analytic_account_1621,Sivanto Prime 1gal,True,marin_data.company_lmmr,marin_data.analytic_plan_201
analytic_account_1622,Solvigo SC108 1L,True,marin_data.company_lmmr,marin_data.analytic_plan_201
analytic_account_1623,Spectro 1x10L,True,marin_data.company_lmmr,marin_data.analytic_plan_201
analytic_account_1624,Sportak 1L,True,marin_data.company_lmmr,marin_data.analytic_plan_201
analytic_account_1625,Stargus 1x10L,True,marin_data.company_lmmr,marin_data.analytic_plan_201
analytic_account_1626,Stimplex 1L,True,marin_data.company_lmmr,marin_data.analytic_plan_201
analytic_account_1627,Stimplex 1x10L,True,marin_data.company_lmmr,marin_data.analytic_plan_201
analytic_account_1628,Stinguo 70 0.250L,True,marin_data.company_lmmr,marin_data.analytic_plan_201
analytic_account_1629,Stinguo 70 1L,True,marin_data.company_lmmr,marin_data.analytic_plan_201
analytic_account_1630,Strategy 240 0.950L,True,marin_data.company_lmmr,marin_data.analytic_plan_201
analytic_account_1631,Strike 800PH 1kg,True,marin_data.company_lmmr,marin_data.analytic_plan_201
analytic_account_1632,Stylet Oil 1x20L,True,marin_data.company_lmmr,marin_data.analytic_plan_201
analytic_account_1633,Styron 0.250L,True,marin_data.company_lmmr,marin_data.analytic_plan_201
analytic_account_1634,Styron 1L,True,marin_data.company_lmmr,marin_data.analytic_plan_201
analytic_account_1635,Sulfocop 1L,True,marin_data.company_lmmr,marin_data.analytic_plan_201
analytic_account_1636,Sultron 1L,True,marin_data.company_lmmr,marin_data.analytic_plan_201
analytic_account_1637,Sultron 1x18L,True,marin_data.company_lmmr,marin_data.analytic_plan_201
analytic_account_1638,Super Coral,True,marin_data.company_lmmr,marin_data.analytic_plan_201
analytic_account_1639,Supremo 0.970L,True,marin_data.company_lmmr,marin_data.analytic_plan_201
analytic_account_1640,Switch 0.250kg,True,marin_data.company_lmmr,marin_data.analytic_plan_201
analytic_account_1641,Switch 0.800kg,True,marin_data.company_lmmr,marin_data.analytic_plan_201
analytic_account_1642,Switch 1kg,True,marin_data.company_lmmr,marin_data.analytic_plan_201
analytic_account_1643,Syrius 720 1x10L,True,marin_data.company_lmmr,marin_data.analytic_plan_201
analytic_account_1644,TJGL,True,marin_data.company_lmmr,marin_data.analytic_plan_201
analytic_account_1645,Tag Aqua,True,marin_data.company_lmmr,marin_data.analytic_plan_201
analytic_account_1646,Talentus 1L,True,marin_data.company_lmmr,marin_data.analytic_plan_201
analytic_account_1647,Talstar 1L,True,marin_data.company_lmmr,marin_data.analytic_plan_201
analytic_account_1648,"Tanque extra Serie: A029051, A029425",True,marin_data.company_lmmr,marin_data.analytic_plan_201
analytic_account_1649,Tazer 80% 0.300kg,True,marin_data.company_lmmr,marin_data.analytic_plan_201
analytic_account_1650,Tecto 500 1L,True,marin_data.company_lmmr,marin_data.analytic_plan_201
analytic_account_1651,Tecto 60 0.500kg,True,marin_data.company_lmmr,marin_data.analytic_plan_201
analytic_account_1652,Tega SC500 1L,True,marin_data.company_lmmr,marin_data.analytic_plan_201
analytic_account_1653,Tenzole 60 0.500kg,True,marin_data.company_lmmr,marin_data.analytic_plan_201
analytic_account_1654,Terracrop 1x20L,True,marin_data.company_lmmr,marin_data.analytic_plan_201
analytic_account_1655,Terrazole 0.500kg,True,marin_data.company_lmmr,marin_data.analytic_plan_201
analytic_account_1656,Thiaba 0.600L,True,marin_data.company_lmmr,marin_data.analytic_plan_201
analytic_account_1657,Thimet 1x7.5kg,True,marin_data.company_lmmr,marin_data.analytic_plan_201
analytic_account_1658,Tilt CE250 1L,True,marin_data.company_lmmr,marin_data.analytic_plan_201
analytic_account_1659,Tiroteo 1L,True,marin_data.company_lmmr,marin_data.analytic_plan_201
analytic_account_1660,Titus 0.050kg,True,marin_data.company_lmmr,marin_data.analytic_plan_201
analytic_account_1661,Tokat 240 0.250L,True,marin_data.company_lmmr,marin_data.analytic_plan_201
analytic_account_1662,Tokat 240 1L,True,marin_data.company_lmmr,marin_data.analytic_plan_201
analytic_account_1663,Tokat CLN 1kg,True,marin_data.company_lmmr,marin_data.analytic_plan_201
analytic_account_1664,Topgard 75WP 0.250kg,True,marin_data.company_lmmr,marin_data.analytic_plan_201
analytic_account_1665,Toretto 1L,True,marin_data.company_lmmr,marin_data.analytic_plan_201
analytic_account_1666,Toyota/32-8FG25 /Naranaja/01,True,marin_data.company_lmmr,marin_data.analytic_plan_201
analytic_account_1667,Toyota/32-8FG30 /Naranja/02,True,marin_data.company_lmmr,marin_data.analytic_plan_201
analytic_account_1668,Toyota/Hilux doble cabina 4x4 diesel TA/PCW5106,True,marin_data.company_lmmr,marin_data.analytic_plan_201
analytic_account_1669,Toyota/Hilux doble cabina 4x4 diesel TA/PET3939,True,marin_data.company_lmmr,marin_data.analytic_plan_201
analytic_account_1670,Toyota/Hilux doble cabina 4x4 diesel TA 2018/Gris/LZZ340A,True,marin_data.company_lmmr,marin_data.analytic_plan_201
analytic_account_1671,Toyota/Hilux cabina regular chasis 4x2 gasolina TM/PEU4299,True,marin_data.company_lmmr,marin_data.analytic_plan_201
analytic_account_1672,Toyota/Hilux doble cabina 4x4 diesel TA 2022/Gris/PAU1827,True,marin_data.company_lmmr,marin_data.analytic_plan_201
analytic_account_1673,Toyota/Hilux doble cabina 4x4 diesel TA/PET3929,True,marin_data.company_lmmr,marin_data.analytic_plan_201
analytic_account_1674,Toyota/Hilux cabina regular chasis 4x2 gasolina TM/PEV2489,True,marin_data.company_lmmr,marin_data.analytic_plan_201
analytic_account_1675,Toyota/Hilux doble cabina 4x4 diesel TA MHEV 2024/Azul/LF07848,True,marin_data.company_lmmr,marin_data.analytic_plan_201
analytic_account_1676,Toyota/Hilux doble cabina 4x4 diesel TA MHEV 2024/Plata/LF07838,True,marin_data.company_lmmr,marin_data.analytic_plan_201
analytic_account_1677,Toyota/Hilux doble cabina 4x4 diesel TM 2023/Blanca/PEU4270,True,marin_data.company_lmmr,marin_data.analytic_plan_201
analytic_account_1678,Toyota/Hilux doble cabina 4x4/Gris/NV8009A,True,marin_data.company_lmmr,marin_data.analytic_plan_201
analytic_account_1679,Toyota/Hilux cabina regular chasis 4x2 gasolina TM 2016/Plata/LD67275,True,marin_data.company_lmmr,marin_data.analytic_plan_201
analytic_account_1680,Toyota/Hino 500/Blanco/LF24527,True,marin_data.company_lmmr,marin_data.analytic_plan_201
analytic_account_1681,Toyota/RAV4 2024/Roja/PVL573E,True,marin_data.company_lmmr,marin_data.analytic_plan_201
analytic_account_1682,Toyota/RAV4 2024/Roja/NMR754A,True,marin_data.company_lmmr,marin_data.analytic_plan_201
analytic_account_1683,Toyota/RAV4 2021/Gris/PAT9995,True,marin_data.company_lmmr,marin_data.analytic_plan_201
analytic_account_1684,Toyota/Tacoma 2013/Blanca/W02BAB,True,marin_data.company_lmmr,marin_data.analytic_plan_201
analytic_account_1685,Toyota/Tacoma TRD 4x4 2013/LG08516/W02BAD,True,marin_data.company_lmmr,marin_data.analytic_plan_201
analytic_account_1686,Toyota/Tacoma TRD doble cabina 4x2 gasolina TA/PAU1083,True,marin_data.company_lmmr,marin_data.analytic_plan_201
analytic_account_1687,Toyota/Tacoma TRD doble cabina 4x2 gasolina TA/PCW5103,True,marin_data.company_lmmr,marin_data.analytic_plan_201
analytic_account_1688,Toyota/Tacoma TRD doble cabina 4x2 gasolina TA/PEU4259,True,marin_data.company_lmmr,marin_data.analytic_plan_201
analytic_account_1689,Toyota/Tundra doble cabina/NEN9999,True,marin_data.company_lmmr,marin_data.analytic_plan_201
analytic_account_1690,"Tractor mod:27200 DT, John Deere",True,marin_data.company_lmmr,marin_data.analytic_plan_201
analytic_account_1691,Trailers/Semirremolque/Gris/48UL7D,True,marin_data.company_lmmr,marin_data.analytic_plan_201
analytic_account_1692,Traxion 1kg,True,marin_data.company_lmmr,marin_data.analytic_plan_201
analytic_account_1693,Trazak Solanum 1x5L,True,marin_data.company_lmmr,marin_data.analytic_plan_201
analytic_account_1694,Tridente Malathion 500 1x5L,True,marin_data.company_lmmr,marin_data.analytic_plan_201
analytic_account_1695,Trigard 0.100kg,True,marin_data.company_lmmr,marin_data.analytic_plan_201
analytic_account_1696,Trilogy 1L,True,marin_data.company_lmmr,marin_data.analytic_plan_201
analytic_account_1697,Triunfo T 5% 1x20kg,True,marin_data.company_lmmr,marin_data.analytic_plan_201
analytic_account_1698,Turbine 0.600kg,True,marin_data.company_lmmr,marin_data.analytic_plan_201
analytic_account_1699,Turbulans 5G  1x20kg,True,marin_data.company_lmmr,marin_data.analytic_plan_201
analytic_account_1700,Ultimatum 1kg,True,marin_data.company_lmmr,marin_data.analytic_plan_201
analytic_account_1701,Ultra Vigofort 1L,True,marin_data.company_lmmr,marin_data.analytic_plan_201
analytic_account_1702,Uniform 0.500L,True,marin_data.company_lmmr,marin_data.analytic_plan_201
analytic_account_1703,Ursus Ciper 0.950L,True,marin_data.company_lmmr,marin_data.analytic_plan_201
analytic_account_1704,Ursus Meta 0.950L,True,marin_data.company_lmmr,marin_data.analytic_plan_201
analytic_account_1705,Velum One 1L,True,marin_data.company_lmmr,marin_data.analytic_plan_201
analytic_account_1706,Verango Prime 1L,True,marin_data.company_lmmr,marin_data.analytic_plan_201
analytic_account_1707,Veridia XM 200 WP 0.600kg,True,marin_data.company_lmmr,marin_data.analytic_plan_201
analytic_account_1708,Versoato 0.950L,True,marin_data.company_lmmr,marin_data.analytic_plan_201
analytic_account_1709,Vertimec 1L,True,marin_data.company_lmmr,marin_data.analytic_plan_201
analytic_account_1710,Vibrance Beans 0.250L,True,marin_data.company_lmmr,marin_data.analytic_plan_201
analytic_account_1711,Vibrance Beans 1L,True,marin_data.company_lmmr,marin_data.analytic_plan_201
analytic_account_1712,Vigold 40SC 0.250L,True,marin_data.company_lmmr,marin_data.analytic_plan_201
analytic_account_1713,Vigold 40SC 1L,True,marin_data.company_lmmr,marin_data.analytic_plan_201
analytic_account_1714,Vikingo 5%G 1x20kg,True,marin_data.company_lmmr,marin_data.analytic_plan_201
analytic_account_1715,Vitavax 200 1L,True,marin_data.company_lmmr,marin_data.analytic_plan_201
analytic_account_1716,Vitavax 34FF 9.46L,True,marin_data.company_lmmr,marin_data.analytic_plan_201
analytic_account_1717,Volkswagen/Saveiro Robust cabina regular 2023/Blanca/PEV3876,True,marin_data.company_lmmr,marin_data.analytic_plan_201
analytic_account_1718,Volkswagen/Jetta 2004/Verde/NMH6783,True,marin_data.company_lmmr,marin_data.analytic_plan_201
analytic_account_1719,Volkswagen/Jetta 2023/Blanco/PEV2784,True,marin_data.company_lmmr,marin_data.analytic_plan_201
analytic_account_1720,Volkswagen/Saveiro Robust cabina regular 2019/Plata/PCB052A,True,marin_data.company_lmmr,marin_data.analytic_plan_201
analytic_account_1721,Volkswagen/Saveiro Robust cabina regular 2019/Roja/LZZ327A,True,marin_data.company_lmmr,marin_data.analytic_plan_201
analytic_account_1722,Volkswagen/Saveiro Robust cabina regular 2023/Blanca/PCW5153,True,marin_data.company_lmmr,marin_data.analytic_plan_201
analytic_account_1723,Volkswagen/Saveiro Robust cabina regular 2023/Blanca/LF07759,True,marin_data.company_lmmr,marin_data.analytic_plan_201
analytic_account_1724,Volkswagen/Vento/C78ADV,True,marin_data.company_lmmr,marin_data.analytic_plan_201
analytic_account_1725,Vydate CLV 1L,True,marin_data.company_lmmr,marin_data.analytic_plan_201
analytic_account_1726,Vydate CLV 1x10L,True,marin_data.company_lmmr,marin_data.analytic_plan_201
analytic_account_1727,Vydate L 1L,True,marin_data.company_lmmr,marin_data.analytic_plan_201
analytic_account_1728,Warton 0.250L,True,marin_data.company_lmmr,marin_data.analytic_plan_201
analytic_account_1729,Warton 1L,True,marin_data.company_lmmr,marin_data.analytic_plan_201
analytic_account_1730,Xanil 1L,True,marin_data.company_lmmr,marin_data.analytic_plan_201
analytic_account_1731,Yesica Lizet Bernal Rodriguez,True,marin_data.company_lmmr,marin_data.analytic_plan_201
analytic_account_1732,Yessenia Molina Flores,True,marin_data.company_lmmr,marin_data.analytic_plan_201
analytic_account_1733,Yunke 1L,True,marin_data.company_lmmr,marin_data.analytic_plan_201
analytic_account_1734,Zhen Ji 1L,True,marin_data.company_lmmr,marin_data.analytic_plan_201
analytic_account_1735,Zorvec Enicade pack,True,marin_data.company_lmmr,marin_data.analytic_plan_201
analytic_account_1736,Zulli Faviola Mejia Miranda,True,marin_data.company_lmmr,marin_data.analytic_plan_201
